"Variable","Lower_CI","Upper_CI"
"age",48.9909341345291,49.3409996762884
"totchol",6.32291610541762,6.39372900506102
"bmi",25.8698924189012,26.0782079031468
"systol",132.667432751755,133.778356331969
