"Estimate","Std. Error","z value","Pr(>|z|)","Variable"
-13.1098536451729,1.65054032133197,-7.94276484841845,1.97723575464416e-15,"(Intercept)"
0.305652845761221,0.0597648533390689,5.1142574386845,3.14977544758883e-07,"totchol"
0.173781962145217,0.0550174595505649,3.15866933087848,0.00158491206592179,"bmi"
0.0210185781344642,0.00370221937870823,5.6772913715875,1.36844269043891e-08,"systol"
4.76471977349374,1.99929011126015,2.38320579222519,0.0171625969904965,"smoking_c2"
4.91283452565166,1.71736851300885,2.86067578882317,0.00422739117531707,"smoking_c3"
-0.160998902202922,0.0714916461224705,-2.25199601541023,0.0243225238199053,"bmi:smoking_c2"
-0.152941736164712,0.0609573244291216,-2.50899686948277,0.0121074557392482,"bmi:smoking_c3"
