"Variable","Wald_ChiSq","p_value"
"totchol",26.1854090089111,3.10157235862503e-07
"bmi",3.64963363705856,0.0560815464307505
"systol",34.1194583334014,5.18303774916006e-09
"smoking_c2",1.81459413035321,0.177958101988785
"smoking_c3",10.8854880376155,0.00096920638967895
"activity_c2",1.07713920176355,0.299338418695501
"activity_c3",0.193188465098092,0.660276029528381
