"Interaction","Deviance_Change","DF_Change","p_value"
"totchol*bmi",0.636197588818504,1,0.425091068733948
"totchol*systol",1.63009494853281,1,0.201689916340276
"totchol*smoking_c",4.70196529387908,2,0.0952754940290873
"bmi*systol",3.2204682948302,1,0.0727228224691409
"bmi*smoking_c",6.63894524482384,2,0.0361719029756845
"systol*smoking_c",0.153697164971391,2,0.926030060161245
