"Variable","Coef_with_Age","Coef_without_Age","Percent_Change"
"age",0.0168440065531827,0.0160248903504507,5.11152453975415
"totchol",0.305677832835137,0.31908738102385,-4.20246897438748
"systol",0.0202116704725088,0.0210433412867469,-3.95218042090061
"smoking_c2",0.314634056726634,0.318576041269842,-1.23737633486053
"smoking_c3",0.716086594468372,0.688505191513855,4.00598329460267
