"Quartile","LogOdds"
"1",0
"2",0.485975289231699
"3",0.873231117059335
"4",1.24679456854874
