"Variable","Coef_with_Age","Coef_without_Age","Percent_Change"
"totchol",0.305677832835137,0.303450348764082,0.734052236264424
"bmi",0.0410341816730236,0.0401367723075596,2.235878257941
"systol",0.0202116704725088,0.0214382381982041,-5.72140170453928
"smoking_c2",0.314634056726634,0.329132480471036,-4.40504192222308
"smoking_c3",0.716086594468372,0.709363995980306,0.947693782904256
