"Quartile","LogOdds"
"1",0
"2",0.57266783761159
"3",0.925391676932856
"4",1.22299266346276
