"Quartile","LogOdds"
"1",0
"2",0.520367279669734
"3",0.412746956725998
"4",0.739731905283047
