"Coefficient","Std_Error","OR","Lower_CI","Upper_CI","LRT_ChiSq","p_value"
0.0314228905301228,0.0129724337932507,1.03192180158466,1.00601540783892,1.05849532351916,5.90984635506129,0.0150564850097893
0.353290061332743,0.0583635252365231,1.42374405664418,1.26985110553144,1.59628725761616,34.8144489466529,3.62671869017872e-09
0.0622135661350833,0.0203809990559712,1.06418959531952,1.02251731422254,1.10756021343992,8.9432740530815,0.00278493105345706
0.0237822592790161,0.00355987617042511,1.02406731245787,1.01694702903189,1.03123744945008,41.363295734526,1.26408743423792e-10
0.395188918070181,0.247800917315655,1.4846646444082,0.913481682644732,2.41299759834702,13.1594398011869,0.00138823808504723
-0.0303025339329132,0.176580774152725,0.970151985250965,0.686331527584473,1.3713414533045,0.310180726861745,0.85633779236637
