"term","estimate","std.error","statistic","p.value","conf.low","conf.high"
"(Intercept)",0.920000000000003,0.288926047405839,-0.288591526059004,0.772893980946765,0.519065777862324,1.62330721369637
"level_cHigh",0.298191612158794,0.352967195295378,-3.42813445956256,0.000607744371090645,0.148411144240861,0.595093650848783
