"term","estimate","std.error","statistic","p.value","conf.low","conf.high"
"(Intercept)",0.200000000000009,0.774596669050079,-2.07777541105073,0.0377300495876894,0.0307378988377428,0.758715715306038
"level_cHigh",0.500000051235354,0.905488777639385,-0.765494940639995,0.443976877999259,0.092213328592177,3.82829154739047
"stage_cStage II",3.46153846153832,0.887712896559887,1.39877784486481,0.161879612036338,0.69245130806248,26.1638601083303
"stage_cStage III",29.9999999999974,1.08781118407063,3.12664314493867,0.00176814404268837,4.38714342327514,350.985634385965
"level_cHigh:stage_cStage II",0.861598352258902,1.04130273764257,-0.143057403170825,0.886244846182877,0.091729755024404,6.21167065140372
"level_cHigh:stage_cStage III",0.499999948764675,1.29654189042483,-0.534612331579569,0.592917954648715,0.031354233883995,5.66236706285831
