"Stage","OR","Lower_CI","Upper_CI"
"Stage I",0.500000000000002,0.0922133430399879,3.82828703468908
"Stage II",0.430799220273749,0.157124520417825,1.20170410348754
"Stage III",0.250000000000013,0.0312732670554899,1.38097798252725
